option_type,S,K,r,q,sigma,T,t,value
EP,147.0,153.0,0.014,0.193,0.246,3.0,0.1,64.85724361569129
EC,77.0,89.0,0.023,0.028,0.128,3.0,0.04,2.307261142522375
EP,140.0,158.0,0.091,0.062,0.319,3.0,1.58,25.886803914667823
EC,105.0,105.0,0.065,0.183,0.39,4.0,2.23,9.881671442764208
EP,57.0,72.0,0.092,0.019,0.352,1.0,0.39,14.1977036303686
EP,92.0,87.0,0.076,0.141,0.119,5.0,3.89,4.643082980221351
EP,68.0,82.0,0.05,0.016,0.196,5.0,0.01,11.539928763712716
EP,88.0,103.0,0.036,0.025,0.2,5.0,3.98,16.05300477795261
EP,120.0,137.0,0.036,0.018,0.339,3.0,1.27,28.365528994934998
EC,74.0,65.0,0.013,0.196,0.178,1.0,0.91,7.804537440055995
EP,69.0,51.0,0.086,0.18,0.377,5.0,1.58,10.626939982347283
EP,117.0,114.0,0.057,0.047,0.165,5.0,0.87,9.524447783820314
EC,85.0,93.0,0.054,0.128,0.31,3.0,2.75,1.9225636635419754
EP,112.0,129.0,0.067,0.169,0.173,3.0,2.65,20.64344565427872
EC,71.0,72.0,0.048,0.012,0.335,2.0,1.91,2.4909113210897544
EP,118.0,136.0,0.071,0.005,0.29,5.0,0.85,18.653430587324735
EC,61.0,64.0,0.085,0.023,0.282,2.0,0.08,10.873722748549909
EC,65.0,75.0,0.029,0.16,0.381,1.0,0.46,2.3655403384823384
EP,83.0,67.0,0.03,0.129,0.205,2.0,1.88,0.00338955893453724
EP,126.0,112.0,0.073,0.078,0.178,4.0,0.65,7.85453586495229
BC,71.0,64.0,0.097,0.012,0.303,2.0,1.32,0.7300686988352927
EC,126.0,134.0,0.07,0.003,0.304,5.0,0.63,42.39228204859216
BC,133.0,135.0,0.045,0.132,0.146,1.0,0.54,0.3003663553222345
EC,144.0,126.0,0.059,0.027,0.329,4.0,2.59,33.04484170497517
EC,95.0,112.0,0.095,0.127,0.286,3.0,1.84,4.276690191174641
EC,133.0,118.0,0.01,0.038,0.2,2.0,1.55,15.277877197697407
EC,140.0,156.0,0.089,0.006,0.362,5.0,2.91,32.214276515521966
EP,55.0,45.0,0.05,0.052,0.147,5.0,0.58,1.988178079197791
EP,127.0,107.0,0.09,0.099,0.194,4.0,3.8,0.09507745664075928
EP,103.0,95.0,0.059,0.193,0.394,2.0,0.03,24.849718083934626
EC,136.0,142.0,0.038,0.043,0.315,1.0,0.02,13.537182296264191
EP,128.0,114.0,0.027,0.122,0.16,3.0,2.16,4.787801205429695
BP,62.0,72.0,0.087,0.079,0.124,3.0,0.26,0.5500754435930743
EP,64.0,60.0,0.022,0.104,0.295,3.0,2.65,3.21782618467498
EC,52.0,34.0,0.014,0.136,0.268,3.0,0.18,7.535875648120223
BC,55.0,73.0,0.069,0.142,0.371,4.0,2.51,0.23588791999972586
EP,76.0,80.0,0.063,0.002,0.145,3.0,1.99,4.004575878217608
EC,61.0,62.0,0.08,0.007,0.181,2.0,0.04,9.983379652098272
EC,100.0,115.0,0.022,0.023,0.319,1.0,0.69,2.314146174443273
EP,143.0,127.0,0.037,0.167,0.19,1.0,0.9,0.12687659315494226
EP,110.0,111.0,0.086,0.195,0.203,4.0,3.54,9.270111033781603
EP,54.0,53.0,0.04,0.137,0.147,2.0,0.75,6.1884535035020605
EC,131.0,116.0,0.016,0.017,0.325,1.0,0.62,18.95393845254067
EC,121.0,134.0,0.036,0.184,0.336,2.0,1.15,4.797895639108688
EC,83.0,100.0,0.08,0.086,0.208,1.0,0.18,1.2932685245745628
EP,53.0,66.0,0.051,0.135,0.136,4.0,2.97,16.537279755239716
EP,77.0,96.0,0.023,0.04,0.213,5.0,0.87,26.859191006724437
EC,126.0,137.0,0.023,0.081,0.304,5.0,2.52,11.20136866348776
BC,91.0,102.0,0.1,0.127,0.362,5.0,1.95,0.37013332080230077
EC,93.0,93.0,0.084,0.007,0.145,3.0,1.19,14.269530637003164
EC,98.0,115.0,0.036,0.141,0.241,1.0,0.48,0.9179374038699724
BC,58.0,52.0,0.022,0.06,0.328,4.0,2.68,0.6168116863499435
EC,69.0,78.0,0.097,0.101,0.37,5.0,4.83,1.3018123846087502
EC,116.0,134.0,0.099,0.149,0.372,2.0,1.42,5.411669744219196
EP,103.0,113.0,0.086,0.194,0.282,2.0,0.3,27.618070223930886
EP,134.0,114.0,0.077,0.06,0.271,3.0,2.8,0.5882714967420526
EP,88.0,94.0,0.045,0.077,0.149,2.0,1.52,8.303537577840444
EP,92.0,75.0,0.095,0.096,0.142,5.0,1.41,2.0841448749432363
EP,69.0,71.0,0.047,0.122,0.216,1.0,0.9,3.400707378323254
EP,52.0,34.0,0.064,0.027,0.197,5.0,1.76,0.34301943195352047
EC,150.0,161.0,0.02,0.012,0.31,5.0,1.84,28.827848650926256
EC,65.0,84.0,0.037,0.17,0.388,4.0,0.8,3.053037091125085
BC,137.0,124.0,0.057,0.157,0.157,4.0,2.22,0.35592554449499064
EP,108.0,110.0,0.081,0.015,0.113,1.0,0.51,2.6663716254735377
EP,116.0,132.0,0.061,0.043,0.128,5.0,1.51,13.628407679717014
EC,89.0,76.0,0.023,0.178,0.227,1.0,0.06,7.023627764754522
EC,62.0,68.0,0.08,0.147,0.109,4.0,2.28,0.24879742637221813
EC,113.0,113.0,0.075,0.016,0.121,3.0,0.92,15.166665303437185
EC,72.0,52.0,0.085,0.046,0.21,5.0,0.53,24.356442478070203
EC,76.0,63.0,0.077,0.059,0.307,5.0,3.84,16.723227985724748
EC,108.0,95.0,0.053,0.141,0.177,1.0,0.03,8.57505936658196
EC,110.0,108.0,0.037,0.176,0.266,3.0,2.45,5.440249501414854
BP,63.0,77.0,0.062,0.031,0.369,2.0,0.39,0.48419159270945306
EC,81.0,76.0,0.078,0.058,0.226,1.0,0.14,9.629223601168903
EP,100.0,84.0,0.073,0.026,0.19,4.0,1.04,2.310351987929254
EC,104.0,103.0,0.067,0.017,0.233,3.0,1.09,17.900327630349253
EP,98.0,104.0,0.011,0.192,0.37,4.0,3.18,24.381669194970506
EC,110.0,95.0,0.096,0.159,0.183,5.0,1.97,7.33871568377182
EC,139.0,147.0,0.094,0.037,0.227,2.0,1.5,7.079445090532701
EC,116.0,105.0,0.042,0.126,0.126,2.0,1.41,7.214736756172741
EP,107.0,126.0,0.052,0.044,0.134,3.0,1.36,18.0771919674133
EC,140.0,150.0,0.018,0.1,0.388,5.0,1.19,16.623040529391794
EC,52.0,39.0,0.034,0.134,0.1,4.0,1.9,3.9543380062522964
EP,100.0,108.0,0.019,0.051,0.185,2.0,0.81,15.025965312491138
EC,83.0,82.0,0.058,0.024,0.358,2.0,1.86,5.107324396837349
EP,86.0,99.0,0.022,0.105,0.163,1.0,0.59,15.916995261290594
EP,101.0,98.0,0.036,0.074,0.289,2.0,1.75,4.696476719504794
EC,101.0,118.0,0.052,0.112,0.19,4.0,1.03,2.2307146108888922
EC,112.0,124.0,0.039,0.13,0.118,3.0,2.57,0.11894842624220514
EP,129.0,122.0,0.012,0.094,0.367,1.0,0.15,16.959065398711083
BP,137.0,122.0,0.072,0.148,0.301,1.0,0.64,0.2734773526217721
EC,50.0,47.0,0.089,0.14,0.318,2.0,1.72,4.390888202655489
EP,74.0,60.0,0.049,0.143,0.215,3.0,1.73,3.417150564646761
EP,105.0,94.0,0.05,0.142,0.257,2.0,1.58,3.4818442909618703
EC,94.0,98.0,0.048,0.098,0.319,2.0,1.12,7.291012442674781
EC,140.0,123.0,0.092,0.007,0.29,2.0,1.27,28.211278907418446
EP,136.0,127.0,0.031,0.06,0.126,5.0,1.24,13.165419422569542
EP,95.0,101.0,0.051,0.126,0.255,5.0,0.35,31.414405806439973
BC,124.0,133.0,0.054,0.141,0.165,3.0,2.87,0.0897932374460909
EC,94.0,74.0,0.036,0.001,0.119,4.0,1.28,26.928144693549434
BP,100.0,115.0,0.093,0.091,0.202,1.0,0.39,0.7444748571988848
EC,90.0,90.0,0.058,0.179,0.177,5.0,4.78,1.8843375183899482
EC,76.0,89.0,0.041,0.167,0.175,3.0,2.06,0.2740385140014694
EP,82.0,92.0,0.041,0.142,0.113,5.0,4.64,12.763844928467918
EP,142.0,150.0,0.014,0.162,0.394,4.0,2.24,50.340231588485
EC,80.0,66.0,0.084,0.031,0.365,2.0,1.12,19.91257592136916
EC,104.0,119.0,0.078,0.166,0.112,2.0,1.5,0.03439159451464091
EC,85.0,87.0,0.039,0.087,0.267,3.0,1.17,7.250308939814865
EP,141.0,139.0,0.08,0.103,0.239,3.0,2.18,11.491347118665807
EC,128.0,114.0,0.026,0.083,0.165,1.0,0.26,11.70542344381768
EP,56.0,43.0,0.045,0.054,0.391,5.0,3.21,4.754877474142317
EP,140.0,154.0,0.069,0.044,0.35,2.0,1.87,15.919713802413995
EC,91.0,85.0,0.044,0.096,0.275,2.0,0.38,10.290860157641532
EP,91.0,94.0,0.063,0.005,0.139,4.0,3.38,3.794608603966317
EC,59.0,47.0,0.079,0.156,0.332,5.0,1.16,7.458314273756624
BP,80.0,68.0,0.083,0.152,0.206,5.0,4.34,0.2053494928816257
EP,63.0,82.0,0.085,0.105,0.208,4.0,2.77,19.236795200475548
BP,121.0,111.0,0.069,0.099,0.386,4.0,1.82,0.3216765405363469
EP,60.0,56.0,0.022,0.08,0.157,3.0,0.64,6.87383396403585
EC,57.0,50.0,0.013,0.145,0.389,3.0,0.41,6.73724434853213
EP,134.0,128.0,0.033,0.134,0.191,3.0,1.28,20.026629201296643
EC,130.0,119.0,0.042,0.098,0.118,2.0,1.91,10.321026065816781
EC,133.0,133.0,0.016,0.012,0.392,4.0,3.46,15.259860369009367
BC,107.0,114.0,0.023,0.062,0.295,4.0,2.47,0.4233484943560789
EC,83.0,97.0,0.058,0.147,0.306,4.0,0.96,4.131932551825884
EP,65.0,71.0,0.096,0.034,0.25,5.0,0.66,6.546007925557451
EP,143.0,132.0,0.017,0.047,0.348,2.0,1.51,9.165679424641944
EC,71.0,86.0,0.025,0.016,0.378,5.0,4.48,3.067055743320882
EP,140.0,129.0,0.065,0.008,0.202,4.0,3.89,0.3952547691233299
BC,54.0,65.0,0.018,0.059,0.145,2.0,0.99,0.06771461976290821
EC,146.0,151.0,0.04,0.161,0.383,1.0,0.69,7.777163991497602
EP,120.0,130.0,0.098,0.155,0.271,3.0,0.2,28.472869354387633
EC,100.0,87.0,0.046,0.099,0.106,1.0,0.75,11.564268822559939
EP,139.0,137.0,0.1,0.152,0.329,5.0,3.3,23.322922021431047
BP,82.0,75.0,0.02,0.196,0.341,2.0,0.83,0.539704710570312
EP,137.0,139.0,0.025,0.174,0.146,1.0,0.42,14.583462965168039
EC,69.0,71.0,0.043,0.125,0.197,4.0,1.6,2.320734570811286
BP,50.0,39.0,0.061,0.088,0.202,1.0,0.05,0.10317001295762876
EP,135.0,131.0,0.077,0.038,0.265,4.0,2.89,9.755392922888205
EP,117.0,107.0,0.016,0.128,0.274,5.0,1.84,31.546168483666506
EP,99.0,106.0,0.034,0.057,0.229,3.0,0.16,20.632665587776607
EP,120.0,120.0,0.099,0.038,0.335,2.0,0.31,13.442562262949131
EP,69.0,85.0,0.045,0.093,0.111,4.0,1.45,21.48944254517832
EP,147.0,141.0,0.091,0.072,0.394,2.0,0.64,19.325771551622474
EP,130.0,141.0,0.012,0.147,0.271,2.0,1.45,23.43895837474743
BC,103.0,87.0,0.062,0.047,0.314,5.0,0.53,0.5715170664980651
EP,62.0,54.0,0.025,0.185,0.378,4.0,0.24,22.638905666622403
EC,146.0,148.0,0.065,0.018,0.109,1.0,0.24,7.118127545760018
EC,100.0,104.0,0.049,0.127,0.302,1.0,0.42,5.37546731274546
EC,122.0,110.0,0.061,0.056,0.347,4.0,2.11,25.983358953483126
EP,55.0,40.0,0.061,0.069,0.101,2.0,0.57,0.00906383674586983
EP,110.0,92.0,0.038,0.168,0.386,1.0,0.69,3.2760547084889104
EP,147.0,167.0,0.035,0.134,0.279,4.0,0.53,61.46794688735319
EP,70.0,58.0,0.09,0.182,0.312,1.0,0.27,3.2543241071860045
EP,121.0,141.0,0.045,0.036,0.34,1.0,0.92,20.143768820003316
EC,83.0,75.0,0.082,0.066,0.313,3.0,1.45,15.88718022127307
EP,69.0,77.0,0.06,0.008,0.276,5.0,4.83,8.160782741244304
EP,59.0,51.0,0.068,0.091,0.172,4.0,1.91,2.6813701630563376
EP,133.0,121.0,0.053,0.111,0.263,5.0,3.28,15.373332073061398
EP,60.0,46.0,0.048,0.07,0.235,4.0,1.95,2.3920744244283814
BP,131.0,118.0,0.022,0.185,0.155,2.0,1.96,0.000744522684283712
EP,74.0,56.0,0.047,0.012,0.193,4.0,0.35,1.4396255805817546
EP,141.0,131.0,0.042,0.167,0.123,1.0,0.56,3.127978274153044
EP,129.0,125.0,0.071,0.113,0.341,4.0,3.28,13.5963287049332
EC,83.0,75.0,0.095,0.013,0.129,1.0,0.65,10.18287703051169
EC,128.0,108.0,0.039,0.158,0.324,4.0,2.09,14.60770423249867
EP,118.0,123.0,0.081,0.172,0.179,5.0,4.52,11.712138011631168
EP,92.0,94.0,0.096,0.094,0.11,5.0,1.87,5.897492005814229
EC,54.0,34.0,0.044,0.031,0.264,2.0,1.68,19.943869626558303
EP,70.0,90.0,0.071,0.189,0.38,3.0,0.16,35.962026142781674
EP,130.0,135.0,0.014,0.048,0.184,2.0,0.07,20.1773633882613
EC,70.0,76.0,0.052,0.175,0.141,5.0,1.15,0.10725659968154755
EC,124.0,104.0,0.072,0.144,0.152,2.0,1.96,19.586902175982758
EP,115.0,95.0,0.013,0.155,0.134,5.0,4.26,1.4943551177046182
EC,150.0,154.0,0.081,0.084,0.27,3.0,0.87,17.89889443944682
BC,96.0,108.0,0.029,0.08,0.139,5.0,1.71,0.1427683253397168
BP,105.0,112.0,0.032,0.076,0.375,2.0,0.71,0.5072552882229916
EC,124.0,108.0,0.085,0.2,0.366,3.0,1.37,14.78323057006719
EP,149.0,159.0,0.089,0.055,0.283,4.0,0.14,21.854616392303207
EC,56.0,45.0,0.074,0.005,0.226,4.0,2.27,16.806552269984167
EC,108.0,126.0,0.052,0.034,0.242,2.0,0.82,5.690134986666411
BP,86.0,98.0,0.02,0.074,0.143,3.0,0.7,0.8183882287170948
EP,146.0,129.0,0.028,0.191,0.153,5.0,3.38,19.214951616183995
EC,55.0,53.0,0.06,0.007,0.223,4.0,1.09,13.017292039776088
EC,66.0,53.0,0.065,0.033,0.229,4.0,2.15,16.79096892470811
EP,140.0,124.0,0.08,0.109,0.266,2.0,1.69,2.4444504483429093
EC,53.0,66.0,0.022,0.099,0.37,5.0,1.32,4.568307876126466
EP,92.0,79.0,0.082,0.183,0.351,3.0,0.3,17.42825531989095
EC,114.0,115.0,0.058,0.029,0.213,5.0,3.47,13.239996894647163
EP,98.0,100.0,0.045,0.094,0.192,4.0,0.02,21.296891740296424
EP,137.0,126.0,0.023,0.117,0.29,5.0,4.47,8.636348457313709
EP,139.0,132.0,0.064,0.121,0.254,3.0,0.93,20.19825256462088
EP,98.0,83.0,0.081,0.002,0.368,4.0,2.73,5.516322259632535
EP,97.0,114.0,0.073,0.133,0.344,2.0,0.15,30.711700462772868
EP,59.0,71.0,0.093,0.034,0.348,2.0,0.24,13.089025952682373
EP,127.0,120.0,0.049,0.137,0.179,5.0,4.33,6.906131889524801
EC,106.0,122.0,0.015,0.075,0.341,5.0,2.97,9.222564925836341
EC,108.0,90.0,0.053,0.02,0.35,4.0,1.8,32.569619168804195
EC,83.0,74.0,0.031,0.073,0.191,5.0,0.84,7.974795690652645
EC,58.0,42.0,0.053,0.113,0.223,1.0,0.73,14.860943146961922
EC,64.0,62.0,0.023,0.162,0.142,1.0,0.18,1.1856890406810123
EC,121.0,113.0,0.011,0.172,0.267,5.0,2.55,4.799314060936428
EP,110.0,125.0,0.041,0.156,0.362,1.0,0.76,19.942431890390182
EP,89.0,86.0,0.03,0.099,0.384,5.0,0.37,31.45803664587018
EC,89.0,105.0,0.048,0.148,0.389,2.0,1.54,2.910671528356854
BC,145.0,155.0,0.069,0.156,0.185,5.0,4.35,0.21619684220867838
EP,101.0,103.0,0.055,0.094,0.297,3.0,1.1,18.893819423089006
EC,85.0,87.0,0.098,0.153,0.314,3.0,0.4,7.928870119223699
EP,87.0,74.0,0.05,0.069,0.173,2.0,0.14,3.15555213123902
EC,79.0,66.0,0.071,0.195,0.239,4.0,0.08,3.1178123137765787
BP,122.0,141.0,0.03,0.08,0.193,2.0,1.37,0.8424856166868614
EP,61.0,71.0,0.039,0.178,0.168,4.0,0.06,30.727446302494045
EP,55.0,61.0,0.018,0.04,0.198,1.0,0.82,6.4271731183815035
EP,53.0,47.0,0.096,0.002,0.26,2.0,1.77,0.39183265509199305
EP,75.0,60.0,0.077,0.04,0.1,5.0,0.77,0.13631776084693858
EC,72.0,66.0,0.03,0.083,0.242,1.0,0.56,6.779018821610983
EC,147.0,129.0,0.065,0.054,0.275,3.0,0.52,31.140894890032683
EP,132.0,120.0,0.064,0.018,0.384,1.0,0.73,4.601599821729565
EP,129.0,117.0,0.044,0.115,0.298,2.0,1.16,10.421201158731442
EP,121.0,107.0,0.072,0.095,0.253,4.0,2.12,9.873597059853871
EP,93.0,81.0,0.047,0.075,0.269,3.0,0.54,10.06564105433215
EP,108.0,103.0,0.042,0.155,0.223,4.0,1.11,26.219121558815004
EC,101.0,109.0,0.03,0.048,0.243,2.0,1.54,3.2875001276511
EC,133.0,144.0,0.064,0.186,0.391,5.0,1.58,9.189905738564214
EC,116.0,136.0,0.071,0.189,0.147,1.0,0.67,0.03258172929405578
EP,70.0,79.0,0.045,0.038,0.249,2.0,1.22,11.320542679445353
EP,148.0,149.0,0.09,0.136,0.256,3.0,2.45,12.939947210122398
BC,141.0,159.0,0.062,0.03,0.307,4.0,0.4,0.48902731860907556
EP,77.0,95.0,0.05,0.049,0.371,3.0,1.33,24.581107420196496
EC,55.0,38.0,0.022,0.089,0.302,2.0,0.68,13.714678431537504
EC,146.0,159.0,0.048,0.129,0.397,3.0,1.52,14.128841959841196
EC,97.0,112.0,0.086,0.144,0.217,3.0,0.46,2.977427888311686
EP,68.0,62.0,0.078,0.15,0.386,4.0,0.2,16.557949466417426
EP,76.0,79.0,0.073,0.004,0.162,4.0,1.66,3.482664464682415
EP,102.0,116.0,0.029,0.001,0.399,2.0,0.94,23.238169265647315
EP,89.0,93.0,0.059,0.013,0.281,4.0,0.99,12.169108441423944
EC,128.0,131.0,0.038,0.149,0.33,2.0,0.77,9.140422547860815
EP,125.0,137.0,0.043,0.093,0.133,4.0,2.89,19.158816957435334
EP,78.0,82.0,0.045,0.101,0.202,5.0,3.68,12.15615088108084
EC,69.0,69.0,0.066,0.113,0.119,5.0,2.6,1.693795840809532
EC,143.0,124.0,0.02,0.121,0.381,2.0,0.48,21.564459272712263
EP,65.0,72.0,0.032,0.126,0.179,1.0,0.66,9.27229019466612
EC,131.0,123.0,0.077,0.108,0.118,5.0,2.24,6.620728324766212
EC,113.0,94.0,0.067,0.052,0.141,1.0,0.39,19.410968311075408
EC,147.0,131.0,0.033,0.021,0.123,5.0,4.36,17.454831903473263
EC,150.0,144.0,0.041,0.112,0.312,2.0,0.61,15.702592481295497
BP,101.0,93.0,0.065,0.149,0.205,3.0,0.84,0.4957808568528387
EP,120.0,112.0,0.029,0.166,0.395,3.0,1.32,28.84422045686003
EP,50.0,35.0,0.069,0.066,0.362,3.0,2.89,0.0020881722337164066
EP,87.0,74.0,0.025,0.055,0.16,5.0,3.27,3.000398108550769
EC,103.0,115.0,0.058,0.082,0.124,4.0,0.01,2.3069048019425207
EC,80.0,100.0,0.049,0.14,0.109,1.0,0.36,0.0012295589268651666
EC,134.0,134.0,0.039,0.11,0.394,1.0,0.22,14.187400567373444
EC,138.0,151.0,0.023,0.119,0.336,4.0,2.88,8.518897939768166
EC,90.0,104.0,0.054,0.09,0.137,3.0,2.49,0.18128178859087285
EC,140.0,150.0,0.045,0.048,0.192,2.0,0.19,9.302352923876512
BP,51.0,54.0,0.057,0.025,0.174,3.0,2.19,0.5234892396293315
EC,139.0,122.0,0.025,0.177,0.257,2.0,1.5,12.736669711823609
EC,88.0,77.0,0.027,0.197,0.263,2.0,1.53,7.952018472514091
EP,103.0,93.0,0.032,0.112,0.364,5.0,1.59,27.389054076056823
EP,117.0,116.0,0.082,0.171,0.313,1.0,0.28,14.434912797049044
EP,75.0,58.0,0.047,0.076,0.216,4.0,1.87,2.960223185204356
EP,66.0,51.0,0.058,0.18,0.368,1.0,0.04,4.329584571035566
BP,145.0,150.0,0.051,0.055,0.224,3.0,1.01,0.44254825716639073
EC,59.0,49.0,0.063,0.148,0.357,1.0,0.49,9.59293030761582
EC,107.0,102.0,0.051,0.156,0.328,2.0,0.8,9.865793495278275
EP,87.0,67.0,0.064,0.07,0.207,3.0,1.49,1.479095264638719
EP,67.0,48.0,0.053,0.147,0.35,2.0,0.78,3.4238592973142374
EC,88.0,96.0,0.023,0.164,0.381,3.0,1.95,5.412182490164511
EP,98.0,103.0,0.062,0.139,0.25,5.0,0.78,29.279087323446326
EC,77.0,73.0,0.056,0.102,0.342,5.0,1.22,11.387474951736952
EP,114.0,124.0,0.093,0.052,0.19,5.0,4.74,10.030166221366713
EP,82.0,91.0,0.072,0.004,0.279,3.0,0.06,11.205988892614016
BC,77.0,68.0,0.066,0.181,0.298,5.0,0.94,0.30096274105269993
EC,134.0,115.0,0.012,0.183,0.15,3.0,0.11,0.9959064758209726
EC,113.0,116.0,0.087,0.018,0.23,1.0,0.3,9.734538628073572
EP,51.0,69.0,0.058,0.071,0.163,4.0,3.21,17.736536882993335
EC,72.0,83.0,0.069,0.122,0.252,5.0,1.86,3.658298042422965
BC,79.0,59.0,0.015,0.179,0.109,2.0,1.0,0.8770201740009979
EC,92.0,112.0,0.092,0.185,0.286,1.0,0.66,0.6319947056699409
EC,134.0,131.0,0.054,0.096,0.374,3.0,0.31,21.496762077924288
EC,146.0,136.0,0.091,0.102,0.268,4.0,1.57,21.012711955525596
EC,70.0,88.0,0.093,0.153,0.306,1.0,0.42,1.093224621353409
EC,73.0,83.0,0.036,0.146,0.305,4.0,2.95,2.7316002184097616
EP,131.0,133.0,0.056,0.107,0.122,1.0,0.39,8.230388944328979
BP,67.0,54.0,0.047,0.157,0.244,1.0,0.69,0.07889373135766233
EP,60.0,65.0,0.068,0.15,0.168,2.0,1.18,9.1864482840057
BC,53.0,36.0,0.064,0.08,0.268,3.0,1.78,0.8486167245017522
EP,119.0,102.0,0.077,0.089,0.263,5.0,0.29,13.360425340638994
EC,76.0,93.0,0.096,0.166,0.273,3.0,2.2,1.376016298445542
EC,137.0,117.0,0.088,0.172,0.257,1.0,0.12,16.227823246724547
EP,69.0,58.0,0.085,0.101,0.381,1.0,0.05,4.72077594592286
EC,91.0,80.0,0.04,0.15,0.126,2.0,1.49,6.779512362753458
EC,112.0,122.0,0.058,0.017,0.195,4.0,0.89,16.493192945081802
EP,120.0,127.0,0.057,0.181,0.143,4.0,0.68,39.61602274092396
EP,68.0,52.0,0.023,0.007,0.293,1.0,0.34,0.82966130656059
EP,122.0,121.0,0.042,0.133,0.318,4.0,1.63,31.114129843452595
EC,135.0,154.0,0.052,0.069,0.333,1.0,0.27,7.646445378329261
EP,96.0,97.0,0.081,0.001,0.272,4.0,3.56,5.700264586971251
EC,129.0,124.0,0.059,0.104,0.133,1.0,0.43,5.718602115906819
EC,96.0,87.0,0.041,0.097,0.327,4.0,3.99,8.943756369770881
EP,80.0,90.0,0.077,0.177,0.305,2.0,0.16,24.078509574410013
EP,111.0,124.0,0.069,0.186,0.35,3.0,0.95,38.192731087293176
EP,77.0,58.0,0.074,0.2,0.28,2.0,0.78,3.892554782040829
EC,91.0,98.0,0.061,0.173,0.289,5.0,2.85,4.077227457192169
EC,98.0,96.0,0.032,0.051,0.173,5.0,0.67,9.250764987945093
EP,108.0,103.0,0.064,0.125,0.144,2.0,1.71,1.8797125223133762
EP,120.0,111.0,0.058,0.142,0.134,4.0,2.08,11.71655793588468
EP,126.0,128.0,0.064,0.142,0.127,4.0,0.38,27.27279315692843
EC,84.0,96.0,0.028,0.169,0.195,1.0,0.96,0.00015499478628210397
BP,127.0,117.0,0.086,0.092,0.175,3.0,0.93,0.28767970122107733
EC,90.0,94.0,0.015,0.183,0.368,3.0,0.05,4.608811228978428
EP,128.0,143.0,0.049,0.11,0.224,4.0,2.5,28.727924565025333
BC,61.0,46.0,0.1,0.158,0.127,1.0,0.15,0.8998812537965466
EP,92.0,110.0,0.1,0.18,0.17,1.0,0.21,22.154174927366924
EP,143.0,142.0,0.018,0.118,0.217,2.0,0.46,25.20905303362275
EP,128.0,141.0,0.096,0.176,0.183,2.0,0.18,27.702737753543403
EP,78.0,66.0,0.022,0.046,0.249,3.0,2.56,1.0716425808706376
EP,76.0,61.0,0.022,0.169,0.222,2.0,1.6,0.5738533419802634
EP,94.0,108.0,0.069,0.136,0.327,3.0,2.76,16.6386275507207
EP,129.0,126.0,0.081,0.147,0.101,2.0,0.35,11.118964306953899
EP,136.0,116.0,0.048,0.029,0.262,5.0,3.41,6.828600450805748
EC,72.0,81.0,0.038,0.176,0.169,3.0,0.97,0.3018693312366594
EC,94.0,105.0,0.034,0.108,0.391,2.0,1.43,5.387603977183922
EC,72.0,76.0,0.02,0.118,0.296,5.0,0.74,4.139882411894487
EP,108.0,97.0,0.048,0.179,0.261,2.0,0.52,15.065235356081267
EC,91.0,95.0,0.056,0.069,0.359,4.0,1.8,14.271451384843349
EP,141.0,155.0,0.061,0.131,0.192,4.0,1.94,32.59131333101915
EP,103.0,96.0,0.052,0.078,0.126,5.0,2.99,5.451813782160855
EP,109.0,99.0,0.013,0.047,0.129,4.0,2.37,4.672912671301084
EP,120.0,113.0,0.057,0.044,0.127,1.0,0.49,1.3827025424377979
EP,120.0,136.0,0.057,0.124,0.28,3.0,0.98,34.25562233248907
EP,130.0,148.0,0.081,0.07,0.394,2.0,0.6,30.848690631428582
EC,75.0,83.0,0.029,0.136,0.348,2.0,1.53,2.8699708204893426
EP,127.0,124.0,0.085,0.058,0.199,3.0,0.37,8.975310792133754
EC,65.0,76.0,0.043,0.124,0.127,2.0,1.18,0.07564530107489964
EP,52.0,63.0,0.035,0.103,0.29,2.0,1.77,11.945625879980604
EC,137.0,121.0,0.042,0.162,0.157,3.0,1.44,5.55851750157278
EC,142.0,146.0,0.046,0.029,0.123,2.0,0.95,6.290100064578532
EP,112.0,114.0,0.024,0.03,0.272,3.0,0.78,18.79123486024976
EC,70.0,58.0,0.05,0.17,0.227,2.0,0.32,5.842728805533749
EC,110.0,126.0,0.018,0.073,0.378,1.0,0.51,4.98984421653736
EP,53.0,70.0,0.018,0.164,0.321,3.0,0.89,31.040806970194236
EP,70.0,65.0,0.066,0.136,0.274,5.0,4.2,5.521241648280405
EP,130.0,125.0,0.011,0.029,0.28,2.0,0.27,17.497363811407865
BP,147.0,164.0,0.066,0.014,0.184,3.0,1.13,0.41469942536833565
EP,83.0,100.0,0.048,0.008,0.122,4.0,3.77,16.056487384598313
EC,131.0,137.0,0.045,0.004,0.189,2.0,1.58,4.811407839905257
EC,142.0,131.0,0.032,0.105,0.236,1.0,0.23,12.324413340029736
EC,116.0,131.0,0.098,0.142,0.315,5.0,0.06,9.378200801019094
BC,88.0,74.0,0.05,0.127,0.171,3.0,0.29,0.44186613747225784
EC,97.0,86.0,0.05,0.077,0.293,1.0,0.37,13.4568035956651
EP,115.0,134.0,0.079,0.094,0.353,5.0,4.03,27.152096348387104
EP,84.0,70.0,0.086,0.142,0.159,4.0,2.94,1.4534113580587675
EC,127.0,138.0,0.034,0.175,0.308,2.0,1.32,4.4199328779045395
EP,63.0,44.0,0.049,0.065,0.316,2.0,1.34,0.521266362723467
EP,66.0,53.0,0.032,0.152,0.374,4.0,3.3,3.7844650949168255
EP,104.0,111.0,0.047,0.117,0.396,5.0,1.0,39.72800290354895
EC,51.0,64.0,0.087,0.077,0.244,4.0,1.45,3.443053998115113
EC,57.0,55.0,0.064,0.06,0.258,5.0,1.66,9.648305557301832
EC,68.0,48.0,0.018,0.151,0.236,2.0,1.51,15.731467461783012
EP,123.0,132.0,0.034,0.034,0.235,1.0,0.9,9.832656877785979
EC,142.0,135.0,0.038,0.023,0.333,1.0,0.9,10.084456771933603
EP,144.0,127.0,0.032,0.167,0.305,4.0,3.34,10.31022445296724
EP,138.0,128.0,0.05,0.166,0.108,4.0,3.93,0.011963991508693539
EC,89.0,74.0,0.067,0.076,0.177,4.0,3.08,14.409505105317074
EP,114.0,129.0,0.085,0.037,0.292,1.0,0.41,16.95834980518653
BP,127.0,121.0,0.035,0.103,0.242,4.0,0.48,0.509894407371967
EP,82.0,84.0,0.035,0.033,0.364,4.0,2.71,13.881034236811864
EC,110.0,129.0,0.081,0.141,0.303,1.0,0.02,4.343645270301074
EP,116.0,107.0,0.028,0.078,0.31,3.0,1.34,16.26393543739139
EC,102.0,111.0,0.081,0.175,0.21,2.0,0.87,2.233325353337033
EC,66.0,51.0,0.075,0.139,0.382,4.0,1.55,12.905636992387016
EC,104.0,85.0,0.059,0.143,0.203,1.0,0.8,17.12904654013238
EC,147.0,153.0,0.05,0.103,0.185,1.0,0.91,0.9816478477594295
EC,102.0,106.0,0.08,0.139,0.292,2.0,1.43,5.510267447561787
BP,120.0,100.0,0.067,0.127,0.302,2.0,1.2,0.24982932590385382
EP,100.0,117.0,0.075,0.06,0.264,3.0,1.74,19.835375703943036
BC,132.0,122.0,0.041,0.085,0.388,3.0,2.8,0.6823373695445122
EC,92.0,86.0,0.044,0.125,0.147,4.0,0.49,2.2253447369375845
EP,72.0,90.0,0.013,0.13,0.154,5.0,0.06,46.582396798780444
BC,105.0,112.0,0.026,0.079,0.193,5.0,4.81,0.19813143366931357
EP,63.0,50.0,0.053,0.147,0.32,3.0,2.09,3.1883785487200846
EC,84.0,85.0,0.078,0.014,0.33,3.0,2.34,10.044071663996867
BC,131.0,130.0,0.059,0.041,0.363,4.0,3.84,0.5524870225822449
EP,61.0,64.0,0.011,0.062,0.1,5.0,4.78,3.8148593958734622
EP,71.0,81.0,0.068,0.117,0.106,5.0,4.33,11.81441281960334
EC,140.0,124.0,0.065,0.132,0.161,1.0,0.07,11.523361139792485
EC,64.0,74.0,0.075,0.089,0.25,2.0,0.92,2.6724143387928976
EC,97.0,104.0,0.056,0.016,0.252,1.0,0.27,6.555980609748097
EP,62.0,66.0,0.091,0.106,0.197,5.0,2.27,9.172812728287266
EP,80.0,96.0,0.072,0.03,0.222,3.0,0.79,14.148710672456751
BC,114.0,117.0,0.012,0.0,0.177,2.0,0.7,0.5116920635707238
EC,64.0,75.0,0.076,0.133,0.183,3.0,0.55,1.174754759645527
EP,72.0,74.0,0.083,0.065,0.396,1.0,0.5,8.49648906045828
EP,130.0,126.0,0.039,0.127,0.285,2.0,1.29,13.514357711325985
EC,63.0,60.0,0.08,0.198,0.267,1.0,0.36,4.069985488560615
EC,54.0,60.0,0.058,0.156,0.148,3.0,2.86,0.017452846122315457
BP,142.0,127.0,0.1,0.13,0.102,3.0,2.32,0.1213715295372407
BP,149.0,140.0,0.033,0.185,0.347,1.0,0.83,0.3699793875777048
EC,122.0,141.0,0.063,0.082,0.344,1.0,0.74,2.462206664677147
EC,127.0,117.0,0.04,0.178,0.17,5.0,0.91,0.967002668776594
BC,54.0,68.0,0.078,0.178,0.236,5.0,1.71,0.10613276333464092
EP,92.0,94.0,0.043,0.154,0.105,3.0,2.44,7.8733166307192874
EP,79.0,99.0,0.082,0.15,0.367,4.0,0.94,32.86787763262406
EC,74.0,93.0,0.077,0.083,0.218,2.0,0.64,1.7851809298264492
EC,106.0,99.0,0.033,0.14,0.147,5.0,4.99,6.884369164048678
BC,145.0,136.0,0.019,0.031,0.153,3.0,1.44,0.6119876694206614
EP,91.0,105.0,0.076,0.098,0.136,5.0,3.42,16.293148536827772
EC,86.0,90.0,0.065,0.005,0.381,5.0,0.26,34.003599312959444
EC,84.0,90.0,0.075,0.193,0.224,1.0,0.05,1.900188581175998
EC,53.0,34.0,0.054,0.162,0.384,3.0,1.35,12.676508538384674
EP,121.0,131.0,0.062,0.161,0.326,5.0,3.22,34.09084191897888
EC,58.0,52.0,0.019,0.158,0.236,2.0,0.03,3.0154822059652613
EP,106.0,95.0,0.054,0.191,0.176,3.0,0.87,16.88641698934658
EP,78.0,60.0,0.042,0.102,0.218,5.0,1.75,6.736702022170547
EP,89.0,77.0,0.055,0.029,0.38,2.0,1.91,0.43582985317365086
EP,59.0,75.0,0.057,0.028,0.24,2.0,0.87,15.053242408825241
EC,95.0,83.0,0.089,0.183,0.113,1.0,0.12,5.789380439949923
EP,64.0,63.0,0.069,0.199,0.21,1.0,0.34,6.317552274249991
EP,101.0,121.0,0.029,0.084,0.18,4.0,2.27,29.16327121146351
EP,98.0,87.0,0.049,0.041,0.227,2.0,1.46,2.0033468562439154
EP,109.0,109.0,0.043,0.16,0.235,2.0,1.68,7.788194977658868
BP,140.0,141.0,0.082,0.099,0.129,5.0,1.98,0.43645223596757204
EP,72.0,57.0,0.069,0.033,0.381,1.0,0.89,0.09354957142306297
EC,91.0,90.0,0.04,0.152,0.1,3.0,1.08,0.3249987167142425
EC,121.0,111.0,0.053,0.048,0.314,3.0,0.31,26.006026634327156
EC,98.0,83.0,0.045,0.097,0.142,2.0,1.88,14.313560367207629
EC,130.0,117.0,0.085,0.122,0.128,1.0,0.42,10.967826615148738
EC,145.0,144.0,0.086,0.081,0.152,4.0,1.19,12.822945240055766
EP,130.0,121.0,0.068,0.081,0.368,2.0,0.17,18.991284589106712
EP,60.0,53.0,0.067,0.163,0.33,4.0,0.52,13.674295477453388
EP,61.0,62.0,0.056,0.159,0.399,4.0,0.76,21.35928327841472
EC,72.0,83.0,0.03,0.046,0.138,4.0,2.26,1.2393126036092816
EC,78.0,65.0,0.039,0.04,0.285,3.0,1.02,17.480187657086574
EP,125.0,145.0,0.087,0.18,0.396,3.0,0.68,45.91531022305538
EC,137.0,156.0,0.093,0.054,0.25,1.0,0.69,2.1992097909525405
EC,56.0,65.0,0.058,0.106,0.284,5.0,1.31,4.035185113153501
EC,103.0,103.0,0.065,0.068,0.4,4.0,3.42,11.911564966415838
EP,53.0,63.0,0.083,0.0,0.269,1.0,0.15,8.825814905583606
EP,64.0,47.0,0.039,0.062,0.158,1.0,0.32,0.02922485272608133
EP,143.0,134.0,0.091,0.072,0.215,5.0,1.9,10.35390586986238
BP,103.0,96.0,0.045,0.008,0.321,5.0,4.96,0.1245538960007154
EC,51.0,57.0,0.024,0.04,0.274,2.0,0.14,4.487897126700581
EP,90.0,87.0,0.089,0.155,0.236,5.0,2.93,13.227847247617795
EC,84.0,97.0,0.088,0.089,0.26,4.0,1.32,7.503963594010699
BC,146.0,143.0,0.094,0.003,0.352,4.0,0.99,0.5912564741524986
EC,144.0,132.0,0.093,0.036,0.157,2.0,0.75,22.380602987155214
BC,59.0,56.0,0.055,0.101,0.276,2.0,0.68,0.5136835490397396
EC,81.0,88.0,0.097,0.023,0.382,5.0,4.81,3.13403416842538
EP,61.0,47.0,0.089,0.118,0.144,2.0,0.71,0.3023718606334018
EC,62.0,66.0,0.054,0.067,0.367,2.0,0.79,7.3667812972867175
EP,122.0,130.0,0.064,0.019,0.226,1.0,0.25,11.444107236753922
EC,141.0,129.0,0.026,0.138,0.183,3.0,2.49,8.996599411515263
BP,93.0,107.0,0.019,0.018,0.103,2.0,1.31,0.9315802837765098
EP,92.0,99.0,0.063,0.066,0.245,4.0,2.81,13.186120225899401
EC,141.0,124.0,0.041,0.034,0.127,3.0,0.17,21.304314260578153
EC,129.0,149.0,0.024,0.028,0.267,5.0,3.31,9.997532802358883
EP,138.0,122.0,0.081,0.164,0.182,3.0,2.91,0.04284396516340916
EP,108.0,95.0,0.022,0.164,0.199,5.0,4.22,5.805416199808029
EP,50.0,68.0,0.039,0.031,0.342,3.0,0.45,20.791251460727036
BC,70.0,55.0,0.048,0.151,0.359,5.0,1.79,0.4906683311465287
EC,103.0,104.0,0.022,0.187,0.208,5.0,4.16,2.2530313795858774
EC,81.0,68.0,0.028,0.198,0.315,2.0,1.94,12.190912216794217
EP,92.0,88.0,0.042,0.051,0.373,1.0,0.69,5.635450739310414
EC,78.0,88.0,0.011,0.164,0.319,3.0,2.36,2.162778490433494
BP,94.0,92.0,0.082,0.035,0.315,2.0,0.38,0.28765041476771575
BC,95.0,99.0,0.024,0.162,0.313,5.0,0.86,0.2353872825387097
EP,53.0,37.0,0.084,0.185,0.224,1.0,0.32,0.18395179179067123
EC,58.0,51.0,0.039,0.091,0.267,5.0,1.03,7.2767593798807955
EP,70.0,88.0,0.063,0.01,0.388,3.0,2.36,18.778712423233173
EC,59.0,40.0,0.068,0.119,0.151,2.0,0.96,14.898087384590177
EP,122.0,107.0,0.024,0.169,0.342,1.0,0.12,13.187836517524055
EP,133.0,132.0,0.09,0.158,0.274,1.0,0.43,12.213655243551898
EC,92.0,89.0,0.084,0.069,0.13,5.0,4.25,6.02773931915317
EC,51.0,69.0,0.092,0.08,0.23,4.0,1.72,2.047583751288091
EC,50.0,41.0,0.072,0.091,0.12,1.0,0.33,8.021096680884149
EP,66.0,71.0,0.045,0.035,0.166,5.0,4.46,6.0132288559282046
EP,100.0,105.0,0.083,0.034,0.214,3.0,1.11,8.839464240415154
EP,115.0,117.0,0.064,0.136,0.225,5.0,0.13,31.001793311964278
EC,75.0,76.0,0.051,0.037,0.159,1.0,0.8,1.754525387309613
EC,91.0,92.0,0.076,0.159,0.154,4.0,2.9,2.0718395887335177
BC,64.0,80.0,0.098,0.171,0.249,4.0,0.86,0.15475723244336623
EC,99.0,87.0,0.06,0.089,0.287,3.0,0.24,16.173602281702223
EP,117.0,111.0,0.029,0.08,0.167,1.0,0.46,4.138273524531705
EC,71.0,70.0,0.013,0.023,0.286,5.0,1.9,12.700693102190964
EC,103.0,99.0,0.011,0.158,0.141,5.0,3.92,1.5837549557830606
EC,128.0,125.0,0.08,0.172,0.332,2.0,0.82,11.413344000614607
EC,135.0,121.0,0.072,0.054,0.211,3.0,2.83,14.74568753724256
EC,63.0,65.0,0.036,0.183,0.17,2.0,1.62,0.730957080980339
EC,118.0,114.0,0.07,0.194,0.204,4.0,3.89,4.4217842267550935
EP,55.0,69.0,0.049,0.022,0.341,2.0,0.98,15.401994981931473
EP,63.0,75.0,0.098,0.135,0.206,2.0,0.4,14.849579091438464
EC,144.0,142.0,0.026,0.18,0.174,5.0,2.1,1.0005401744808067
EC,111.0,103.0,0.042,0.054,0.198,1.0,0.21,11.075513197500015
EC,130.0,132.0,0.056,0.013,0.33,4.0,0.93,34.263559833080514
EC,128.0,127.0,0.054,0.057,0.223,1.0,0.54,7.900532469626526
EC,147.0,134.0,0.088,0.046,0.288,4.0,0.23,40.23093939783159
BC,87.0,101.0,0.092,0.113,0.221,4.0,1.9,0.2709600382109426
EC,149.0,144.0,0.025,0.13,0.385,5.0,1.97,16.794754885267203
EC,112.0,124.0,0.032,0.155,0.379,5.0,0.6,7.014146775782214
BP,73.0,54.0,0.04,0.021,0.194,2.0,1.8,0.00018253884805788286
EP,121.0,107.0,0.076,0.096,0.285,4.0,2.85,8.039023307581708
EP,61.0,54.0,0.014,0.185,0.178,3.0,2.34,2.8612881780593256
EP,93.0,89.0,0.075,0.149,0.371,4.0,0.8,23.412955223851714
EC,62.0,70.0,0.094,0.056,0.329,3.0,1.67,7.019175621956869
EC,91.0,111.0,0.032,0.071,0.209,3.0,0.27,3.0921503045299694
EP,75.0,56.0,0.045,0.126,0.262,4.0,0.82,8.29343346304227
EC,65.0,65.0,0.012,0.029,0.351,1.0,0.34,6.916331988998106
EP,75.0,78.0,0.032,0.113,0.329,4.0,2.73,15.981407986273275
EP,130.0,128.0,0.012,0.092,0.29,4.0,3.14,16.74380037539524
EP,107.0,87.0,0.024,0.001,0.272,1.0,0.91,0.013010191957766759
EP,135.0,129.0,0.088,0.099,0.194,3.0,0.79,11.204643952538333
EP,133.0,144.0,0.099,0.123,0.348,1.0,0.76,16.024032384867894
EP,79.0,65.0,0.023,0.008,0.268,5.0,0.81,7.489687916868888
EP,105.0,114.0,0.069,0.079,0.321,5.0,1.87,24.738651084438885
BP,140.0,153.0,0.029,0.122,0.266,4.0,1.62,0.6617497737406838
EP,108.0,124.0,0.061,0.185,0.179,3.0,0.79,37.215141860846146
EP,123.0,119.0,0.097,0.103,0.236,1.0,0.08,8.498514821955105
EP,91.0,75.0,0.074,0.173,0.323,1.0,0.16,5.2667934260312705
BP,92.0,109.0,0.019,0.039,0.302,1.0,0.06,0.6781510443056832
EC,89.0,98.0,0.02,0.133,0.106,2.0,1.45,0.05721880048103278
BC,88.0,84.0,0.028,0.149,0.281,4.0,2.77,0.41692534834642275
EC,123.0,141.0,0.095,0.155,0.132,1.0,0.85,0.004281727108457867
EP,94.0,91.0,0.066,0.137,0.325,2.0,0.58,15.229202314064999
EP,108.0,117.0,0.033,0.019,0.379,2.0,0.89,21.03629739479795
EP,96.0,97.0,0.042,0.077,0.202,3.0,0.35,15.549933465496729
EC,114.0,113.0,0.039,0.054,0.286,3.0,2.77,6.445371735208155
EP,52.0,60.0,0.085,0.035,0.37,3.0,0.92,11.365842558366953
EP,107.0,97.0,0.032,0.193,0.134,1.0,0.62,1.7295671287764343
EP,132.0,150.0,0.085,0.065,0.303,4.0,0.13,27.413994415546142
EC,72.0,81.0,0.019,0.154,0.22,1.0,0.74,0.3327808268236172
EC,51.0,47.0,0.048,0.132,0.348,3.0,0.59,6.230149602388501
EC,124.0,125.0,0.034,0.046,0.322,2.0,1.12,13.339439119752662
EP,136.0,140.0,0.039,0.105,0.364,1.0,0.44,19.152673664553078
EC,143.0,157.0,0.098,0.03,0.315,5.0,2.54,29.9963520926998
EP,73.0,81.0,0.034,0.008,0.386,3.0,0.45,19.052126584520238
EP,130.0,127.0,0.031,0.001,0.357,1.0,0.86,5.206050134556683
BP,92.0,108.0,0.025,0.008,0.26,2.0,0.11,0.5450427595533749
EC,67.0,56.0,0.059,0.081,0.106,3.0,1.97,9.136889865333693
EP,52.0,47.0,0.063,0.002,0.333,3.0,1.97,3.247579577275726
BP,136.0,139.0,0.043,0.082,0.208,5.0,3.74,0.5439558048447408
EC,117.0,108.0,0.064,0.188,0.252,1.0,0.68,8.559180884159524
EP,130.0,149.0,0.019,0.033,0.177,3.0,1.66,24.433619509073594
EC,96.0,82.0,0.039,0.052,0.337,3.0,1.66,19.61296243187713
EC,97.0,94.0,0.088,0.07,0.145,2.0,1.6,5.466139675244662
EP,126.0,133.0,0.069,0.117,0.173,1.0,0.63,10.920852321205217
EC,102.0,118.0,0.083,0.019,0.116,4.0,2.84,2.2774099941594486
EP,105.0,85.0,0.088,0.123,0.221,4.0,0.64,7.822923782250783
EP,104.0,109.0,0.094,0.012,0.153,3.0,2.63,4.804021357552941
EP,70.0,86.0,0.088,0.046,0.138,1.0,0.05,12.60744027496326
EP,148.0,148.0,0.053,0.07,0.327,3.0,1.3,24.483584367266083
EC,139.0,127.0,0.034,0.075,0.359,5.0,2.84,24.677556957431378
EP,50.0,44.0,0.087,0.122,0.14,3.0,0.83,2.1979798291289523
EP,120.0,112.0,0.079,0.18,0.217,4.0,2.56,14.076062879120109
EP,136.0,146.0,0.065,0.16,0.109,5.0,3.02,29.62009879125003
EP,94.0,93.0,0.082,0.058,0.25,4.0,1.16,9.994579877871832
EP,109.0,101.0,0.072,0.099,0.383,1.0,0.26,10.307723186444385
EP,102.0,94.0,0.057,0.138,0.228,3.0,2.19,6.690076555853928
EC,76.0,75.0,0.022,0.069,0.362,5.0,1.0,12.844278199647597
EC,66.0,62.0,0.062,0.057,0.118,5.0,0.28,7.286151805353427
EC,102.0,98.0,0.04,0.119,0.257,3.0,0.45,7.719002710799252
BP,121.0,104.0,0.013,0.146,0.282,3.0,0.33,0.5639092803764549
EP,79.0,66.0,0.048,0.19,0.125,3.0,0.39,11.100462192138615
EP,142.0,131.0,0.014,0.025,0.347,1.0,0.63,6.942584588269703
EC,125.0,142.0,0.046,0.189,0.314,1.0,0.38,3.2082498069552727
EC,91.0,106.0,0.046,0.008,0.37,1.0,0.36,6.22878239739223
EC,102.0,118.0,0.073,0.023,0.162,1.0,0.9,0.005083012566880762
EP,150.0,138.0,0.035,0.185,0.321,2.0,1.57,10.253497168389856
EP,105.0,97.0,0.087,0.002,0.257,4.0,1.14,5.069815149422542
EC,115.0,101.0,0.083,0.123,0.355,3.0,0.01,19.503906804288537
EP,113.0,130.0,0.029,0.01,0.372,1.0,0.73,19.62027858389017
EP,150.0,132.0,0.019,0.066,0.286,1.0,0.76,2.213728095858361
EP,150.0,166.0,0.016,0.078,0.145,3.0,2.33,22.87642692763926
EC,55.0,71.0,0.015,0.095,0.266,4.0,0.52,1.8069789119452375
EC,62.0,63.0,0.026,0.059,0.235,2.0,0.12,5.352302848677912
EP,150.0,160.0,0.027,0.091,0.148,2.0,0.34,26.721925810617293
EC,105.0,101.0,0.045,0.026,0.279,4.0,3.56,10.110765539786755
EC,94.0,110.0,0.035,0.061,0.361,2.0,1.21,5.668523356196847
EC,90.0,71.0,0.042,0.007,0.378,1.0,0.43,22.563083715395074
EP,52.0,35.0,0.015,0.191,0.19,3.0,1.07,2.772713217383922
EP,98.0,84.0,0.048,0.159,0.113,3.0,2.87,0.00028182992736876245
EC,136.0,123.0,0.066,0.149,0.104,5.0,1.85,1.7933125347755698
EP,146.0,160.0,0.013,0.118,0.224,3.0,2.7,19.976356555648778
EC,69.0,84.0,0.032,0.097,0.281,3.0,1.8,2.1927126946989475
EC,117.0,128.0,0.087,0.174,0.139,4.0,3.73,0.21301732546392493
EC,147.0,134.0,0.024,0.174,0.247,3.0,1.17,7.163703645070658
EC,54.0,69.0,0.1,0.133,0.147,4.0,1.03,0.44066749720361864
EP,56.0,55.0,0.045,0.096,0.237,4.0,2.67,6.843462279141807
EP,118.0,112.0,0.086,0.06,0.26,2.0,1.32,6.0121152321322455
EP,142.0,141.0,0.032,0.102,0.182,4.0,2.71,16.94723566925515
EC,76.0,62.0,0.037,0.039,0.173,5.0,4.18,13.945381206175846
EC,109.0,104.0,0.035,0.188,0.218,1.0,0.41,4.715094920044585
EP,136.0,122.0,0.099,0.128,0.342,3.0,2.21,9.74791848280568
EC,75.0,56.0,0.064,0.157,0.225,3.0,0.31,8.10445544635941
EP,98.0,80.0,0.034,0.095,0.386,5.0,4.93,0.08828717679994647
EC,69.0,88.0,0.099,0.047,0.37,3.0,1.72,6.5531022957112235
EP,146.0,157.0,0.032,0.015,0.144,2.0,1.51,12.016030089273102
EC,141.0,122.0,0.05,0.06,0.258,4.0,2.13,25.10130295133328
EP,148.0,138.0,0.013,0.131,0.103,4.0,2.58,14.515514008927425
BP,90.0,71.0,0.096,0.175,0.316,2.0,1.48,0.15692375012124316
EC,105.0,113.0,0.096,0.033,0.165,1.0,0.14,5.342508348778637
EP,117.0,110.0,0.067,0.142,0.32,5.0,0.38,30.563322643424634
EC,79.0,97.0,0.015,0.191,0.397,1.0,0.11,2.6273923178481713
BP,126.0,143.0,0.085,0.037,0.238,1.0,0.52,0.6789782417627095
EC,72.0,54.0,0.074,0.035,0.148,2.0,1.4,18.855923738281014
BC,124.0,107.0,0.015,0.005,0.331,3.0,0.56,0.6967328674579479
EP,142.0,161.0,0.035,0.105,0.398,2.0,1.87,22.202189418196042
EC,64.0,50.0,0.099,0.033,0.224,5.0,3.74,17.834160582640195
EC,95.0,91.0,0.056,0.148,0.256,1.0,0.06,6.6363513310188935
EC,64.0,80.0,0.084,0.084,0.337,1.0,0.28,2.3822248990876194
EP,68.0,72.0,0.076,0.082,0.268,1.0,0.66,6.56084917077375
EC,68.0,53.0,0.098,0.113,0.264,3.0,0.26,13.358687475747285
EP,121.0,103.0,0.085,0.089,0.317,5.0,2.96,10.567770405581996
EP,54.0,46.0,0.093,0.111,0.18,5.0,3.17,1.9132025075948995
EP,99.0,87.0,0.013,0.125,0.35,4.0,2.82,13.024635718008426
EC,105.0,120.0,0.072,0.002,0.15,1.0,0.63,0.5904542378076947
EC,147.0,144.0,0.079,0.1,0.27,1.0,0.67,9.732890492367062
EP,100.0,104.0,0.035,0.198,0.251,2.0,0.86,22.804294231540148
EP,150.0,161.0,0.081,0.041,0.148,2.0,1.1,11.042287601637966
EC,79.0,84.0,0.046,0.126,0.108,5.0,3.56,0.37079917181797395
EP,89.0,71.0,0.061,0.06,0.215,5.0,1.63,4.404670814985202
EP,61.0,70.0,0.043,0.124,0.113,1.0,0.64,10.597644766351536
EP,74.0,73.0,0.036,0.02,0.101,5.0,2.82,2.649539636397563
EC,76.0,87.0,0.084,0.135,0.222,4.0,0.23,2.952093779137364
EC,50.0,63.0,0.051,0.172,0.288,3.0,0.14,1.126900771203073
EC,122.0,141.0,0.041,0.124,0.314,4.0,3.8,1.1256608245696604
EC,87.0,101.0,0.036,0.134,0.379,5.0,4.99,2.9878398004278515e-05
BP,58.0,68.0,0.036,0.093,0.266,4.0,1.52,0.6348889047955756
EP,76.0,82.0,0.052,0.088,0.143,4.0,0.45,14.710443908575442
EC,132.0,148.0,0.029,0.027,0.3,3.0,1.03,15.523863925074878
EC,50.0,65.0,0.063,0.153,0.307,5.0,0.25,1.7297493987163248
EP,111.0,108.0,0.026,0.165,0.368,4.0,2.59,25.884060433567235
EC,139.0,121.0,0.014,0.085,0.39,1.0,0.95,17.78998559955282
EC,126.0,119.0,0.021,0.188,0.152,5.0,4.76,4.6594103202820065
EC,68.0,76.0,0.079,0.196,0.368,2.0,1.52,2.625302898395253
EC,119.0,100.0,0.016,0.09,0.2,1.0,0.94,18.455450493293284
EP,56.0,39.0,0.067,0.191,0.22,3.0,0.65,3.5088154822183473
EP,62.0,77.0,0.023,0.074,0.196,5.0,0.76,26.164770537646383
BP,118.0,137.0,0.089,0.124,0.163,5.0,0.2,0.4965100607517753
EP,70.0,61.0,0.042,0.02,0.224,4.0,1.97,3.437549584350265
EP,64.0,67.0,0.096,0.024,0.39,2.0,0.37,9.675424807594222
EC,121.0,102.0,0.061,0.186,0.324,3.0,2.29,15.728593564506426
EC,54.0,35.0,0.031,0.165,0.134,1.0,0.72,16.86443785692638
EP,147.0,133.0,0.048,0.053,0.371,5.0,2.0,25.453787254788082
EP,144.0,131.0,0.09,0.109,0.211,3.0,0.25,12.404073466716653
EC,102.0,100.0,0.095,0.16,0.184,1.0,0.86,3.2880703516740795
EC,76.0,60.0,0.048,0.107,0.122,2.0,0.73,10.38831164071567
EC,120.0,105.0,0.036,0.141,0.328,4.0,3.77,14.523827681911811
EC,109.0,126.0,0.061,0.193,0.252,4.0,0.13,1.5085673425623751
EP,94.0,112.0,0.038,0.144,0.309,5.0,1.91,43.29195195009657
EP,53.0,60.0,0.078,0.129,0.132,4.0,2.31,10.403343528607223
EC,97.0,101.0,0.096,0.141,0.366,2.0,0.42,10.80615595063393
EC,98.0,91.0,0.026,0.01,0.342,4.0,1.4,25.245519730194637
EP,63.0,81.0,0.059,0.009,0.146,3.0,1.62,13.304546625600608
EC,148.0,146.0,0.097,0.086,0.151,4.0,1.29,14.01158028776478
EP,67.0,73.0,0.059,0.126,0.195,1.0,0.07,10.990085753845648
EP,139.0,141.0,0.039,0.041,0.314,3.0,1.91,18.575748800063536
EC,139.0,147.0,0.089,0.195,0.362,5.0,3.85,9.852683524045744
EP,58.0,53.0,0.017,0.041,0.294,5.0,4.01,4.639134061109157
EC,88.0,85.0,0.087,0.002,0.285,3.0,2.51,10.444032769139177
EC,135.0,142.0,0.093,0.179,0.144,4.0,2.1,1.516299073887808
EP,132.0,132.0,0.011,0.005,0.24,1.0,0.05,11.82769749775806
EP,136.0,122.0,0.093,0.02,0.138,4.0,1.7,1.0259547315643367
BC,123.0,127.0,0.011,0.172,0.109,2.0,0.14,0.015250077080013986
EP,109.0,100.0,0.051,0.002,0.33,5.0,2.65,11.296691806852479
EP,84.0,93.0,0.04,0.122,0.296,1.0,0.24,17.04865919713035
EP,133.0,115.0,0.05,0.176,0.18,2.0,0.47,11.895529234264195
BP,54.0,54.0,0.044,0.047,0.276,5.0,1.86,0.3578618581932128
EC,122.0,123.0,0.089,0.138,0.336,5.0,2.31,13.935729202811853
EC,129.0,115.0,0.1,0.051,0.165,5.0,0.34,32.24606965621245
EP,69.0,75.0,0.083,0.098,0.131,4.0,2.57,8.116327740364966
EP,148.0,153.0,0.042,0.194,0.223,3.0,2.98,5.73869944358708
BC,96.0,89.0,0.018,0.003,0.358,4.0,3.19,0.6581151617868238
EC,81.0,101.0,0.09,0.139,0.3,3.0,2.65,0.6427862490633274
EC,88.0,72.0,0.029,0.186,0.162,2.0,0.85,5.6095378206346
EP,105.0,125.0,0.039,0.18,0.394,2.0,0.7,41.05011427409315
EP,146.0,134.0,0.054,0.124,0.101,4.0,1.1,15.408108458868213
EC,119.0,107.0,0.067,0.167,0.397,3.0,2.59,14.751017063090991
EP,101.0,99.0,0.042,0.096,0.224,5.0,2.73,16.3794176600941
EC,103.0,110.0,0.054,0.069,0.337,4.0,2.63,11.448361078871386
EC,113.0,116.0,0.068,0.088,0.12,1.0,0.17,2.736021186727484
EP,86.0,84.0,0.066,0.169,0.366,4.0,0.04,27.754054209780634
EC,107.0,113.0,0.059,0.08,0.205,1.0,0.65,2.5302243083107143
EP,125.0,135.0,0.095,0.123,0.166,1.0,0.03,15.202598285645195
EP,118.0,110.0,0.064,0.175,0.306,5.0,2.98,23.292283349074097
EP,83.0,83.0,0.041,0.09,0.319,2.0,0.98,11.997197474191111
EC,133.0,151.0,0.065,0.05,0.182,5.0,0.42,13.836984078960313
EC,70.0,65.0,0.093,0.04,0.247,2.0,0.04,14.480140951741284
BP,84.0,86.0,0.027,0.114,0.198,1.0,0.21,0.654562427192724
EC,76.0,95.0,0.064,0.167,0.36,4.0,1.24,3.9667761288949546
EP,145.0,131.0,0.079,0.143,0.166,1.0,0.65,1.5479465584575145
BC,87.0,86.0,0.054,0.055,0.303,3.0,1.41,0.537736813148438
EP,130.0,130.0,0.099,0.074,0.261,2.0,0.76,11.760241513018897
EP,125.0,129.0,0.057,0.16,0.26,2.0,0.38,27.070593295480023
EC,61.0,57.0,0.014,0.18,0.166,5.0,0.38,0.12559555544253476
EP,121.0,123.0,0.096,0.148,0.31,5.0,1.47,27.23509311675624
EP,53.0,45.0,0.059,0.082,0.224,4.0,1.64,3.675455048238595
EP,63.0,48.0,0.087,0.067,0.26,2.0,1.01,0.8513608774241002
EC,132.0,149.0,0.063,0.104,0.241,3.0,2.71,1.4089626606749164
EP,50.0,51.0,0.078,0.092,0.26,1.0,0.94,1.861330218358713
EC,113.0,112.0,0.067,0.03,0.278,2.0,0.14,19.782028575799103
EP,70.0,79.0,0.013,0.162,0.206,3.0,1.72,21.453688269074533
EC,64.0,70.0,0.081,0.097,0.395,5.0,2.43,10.047249556838537
EC,123.0,141.0,0.074,0.094,0.191,3.0,1.38,4.008966899914533
EC,135.0,150.0,0.075,0.173,0.374,5.0,1.05,9.492878109805023
EC,149.0,166.0,0.079,0.158,0.299,2.0,1.32,5.479555050512964
EP,98.0,99.0,0.066,0.168,0.261,1.0,0.63,8.49757690266626
EC,107.0,100.0,0.051,0.113,0.335,3.0,1.71,13.47493100859478
EP,70.0,80.0,0.015,0.038,0.249,1.0,0.84,10.518127045309427
EC,77.0,64.0,0.072,0.17,0.157,1.0,0.84,11.67153523707401
EC,103.0,104.0,0.056,0.045,0.237,1.0,0.89,2.810448060893691
EP,63.0,78.0,0.095,0.017,0.124,2.0,1.49,11.911385516492672
EP,117.0,106.0,0.038,0.132,0.352,5.0,1.94,29.916896608676367
EC,147.0,135.0,0.094,0.127,0.15,2.0,1.52,11.357679703285697
EP,100.0,110.0,0.044,0.118,0.283,1.0,0.72,13.828890954339528
EP,104.0,86.0,0.023,0.182,0.192,2.0,1.96,6.04000608822708e-07
EC,105.0,115.0,0.029,0.138,0.122,3.0,1.52,0.26313507302066963
EC,52.0,34.0,0.086,0.119,0.241,2.0,0.61,14.33884465531084
EC,50.0,46.0,0.032,0.186,0.35,3.0,0.63,3.73949652192103
EP,146.0,128.0,0.095,0.073,0.162,2.0,1.37,1.0740152202344646
EP,63.0,46.0,0.018,0.16,0.279,1.0,0.46,0.6380656114476588
EC,75.0,66.0,0.049,0.092,0.363,5.0,4.53,11.031686122573618
EP,73.0,60.0,0.083,0.167,0.155,3.0,0.86,4.169561748680508
EC,88.0,81.0,0.022,0.022,0.173,2.0,1.38,8.790127739499468
EP,63.0,52.0,0.059,0.1,0.346,2.0,1.83,0.36905155110983756
EP,129.0,141.0,0.032,0.026,0.159,5.0,2.52,17.702602303397384
EP,104.0,118.0,0.026,0.082,0.34,5.0,4.36,22.286570862840207
EP,66.0,70.0,0.093,0.144,0.263,2.0,0.15,12.650122146246758
EC,113.0,133.0,0.094,0.155,0.392,4.0,3.83,1.402384473576742
EC,90.0,80.0,0.013,0.165,0.36,1.0,0.44,10.032727000898312
EP,128.0,133.0,0.095,0.061,0.261,2.0,0.67,13.668626535566254
EP,139.0,132.0,0.05,0.118,0.382,1.0,0.3,15.956975555316298
EC,135.0,120.0,0.011,0.005,0.24,1.0,0.85,15.66124867815563
EC,82.0,81.0,0.076,0.185,0.346,2.0,0.38,6.888806749139022
EP,150.0,170.0,0.095,0.067,0.349,5.0,2.68,31.906294199105695
EP,136.0,154.0,0.076,0.146,0.221,5.0,4.87,19.26412377631854
EC,91.0,81.0,0.048,0.079,0.342,3.0,0.34,17.190774304515326
EP,119.0,112.0,0.086,0.03,0.396,4.0,0.73,16.711920040567396
EC,52.0,34.0,0.065,0.15,0.378,2.0,0.33,12.921983243641513
EP,143.0,144.0,0.037,0.078,0.309,1.0,0.49,14.283878197816136
EC,83.0,65.0,0.086,0.115,0.394,5.0,3.72,19.350923591514935
EP,92.0,105.0,0.083,0.058,0.364,4.0,3.55,16.136315031553053
EC,75.0,66.0,0.072,0.165,0.348,3.0,0.42,8.742124242054391
EP,117.0,125.0,0.068,0.14,0.377,4.0,3.16,23.250636478379214
EP,93.0,79.0,0.076,0.123,0.193,5.0,1.23,9.174573130503202
EP,52.0,34.0,0.094,0.136,0.31,2.0,0.13,1.654670772748796
EC,91.0,103.0,0.019,0.097,0.316,4.0,0.48,6.839643291842531
EC,119.0,134.0,0.096,0.095,0.286,2.0,0.67,8.966830290234611
EC,131.0,114.0,0.05,0.048,0.175,5.0,3.87,19.115280674712324
EC,64.0,68.0,0.04,0.083,0.143,4.0,2.17,1.5701629503859102
EC,79.0,61.0,0.044,0.166,0.236,3.0,2.22,12.106505993312126
EC,140.0,139.0,0.013,0.039,0.188,2.0,1.84,4.378988696061455
EC,118.0,129.0,0.077,0.174,0.192,1.0,0.99,6.28923332177746e-07
EC,118.0,109.0,0.044,0.067,0.193,5.0,1.2,13.337499961478017
EC,98.0,94.0,0.036,0.054,0.288,1.0,0.07,11.354999830082335
EP,66.0,60.0,0.09,0.0,0.317,5.0,0.93,4.481153960581786
BC,134.0,125.0,0.024,0.097,0.111,4.0,1.62,0.2838193816155671
EC,120.0,115.0,0.071,0.187,0.304,1.0,0.2,8.99368598471385
EP,69.0,58.0,0.035,0.095,0.234,2.0,1.31,1.7315695762914807
EC,111.0,101.0,0.056,0.153,0.217,2.0,1.3,8.498954797063476
EC,136.0,124.0,0.073,0.075,0.223,2.0,0.21,19.14304340928097
EC,122.0,135.0,0.077,0.132,0.273,1.0,0.59,3.0217184098710703
EP,72.0,53.0,0.011,0.05,0.153,1.0,0.73,0.00011546895208406228
BP,140.0,139.0,0.086,0.021,0.222,3.0,0.75,0.21859174932414457
EP,150.0,145.0,0.025,0.121,0.347,4.0,2.74,27.15888663020496
EC,144.0,133.0,0.083,0.02,0.333,4.0,1.52,42.20337846569133
EC,150.0,149.0,0.099,0.05,0.25,4.0,0.27,34.05072433381152
EC,58.0,61.0,0.054,0.022,0.141,3.0,2.17,2.314605106955387
EC,80.0,70.0,0.041,0.137,0.167,2.0,0.82,5.581874168931456
BP,115.0,107.0,0.059,0.167,0.152,4.0,2.02,0.6324366632014725
EP,119.0,123.0,0.073,0.188,0.136,4.0,0.83,32.42216746258716
EP,143.0,140.0,0.038,0.02,0.145,2.0,1.01,5.512234770035569
EC,108.0,99.0,0.057,0.096,0.108,2.0,1.61,7.705501806644477
EC,94.0,104.0,0.038,0.158,0.269,3.0,2.74,1.176223693933375
EP,59.0,70.0,0.093,0.128,0.277,4.0,3.62,12.121106259153883
EP,137.0,118.0,0.024,0.113,0.341,2.0,1.95,0.10684743194830348
EP,134.0,133.0,0.048,0.058,0.197,1.0,0.24,8.781755422615866
EC,139.0,140.0,0.047,0.172,0.117,1.0,0.02,0.9569836855519434
EC,122.0,110.0,0.077,0.176,0.191,3.0,0.35,4.979274601610221
EP,143.0,137.0,0.069,0.16,0.369,2.0,0.35,28.500896974610946
EC,107.0,111.0,0.084,0.163,0.147,3.0,0.76,1.5938876907520925
BC,142.0,146.0,0.086,0.136,0.188,4.0,2.68,0.3322093598677787
BC,132.0,124.0,0.067,0.003,0.327,4.0,3.42,0.6733939826354842
EC,66.0,60.0,0.058,0.097,0.275,4.0,0.15,8.704279067891047
EC,68.0,80.0,0.087,0.017,0.355,2.0,0.36,10.631824905366287
EP,131.0,137.0,0.059,0.065,0.167,1.0,0.72,8.326913748592006
EC,68.0,62.0,0.1,0.128,0.371,5.0,2.93,11.69796300814739
EP,114.0,105.0,0.096,0.133,0.322,1.0,0.02,10.266313813449187
EC,124.0,111.0,0.096,0.13,0.158,2.0,1.57,11.851169133609034
EC,102.0,87.0,0.043,0.018,0.293,4.0,3.51,18.060684953528025
EC,59.0,42.0,0.036,0.142,0.341,2.0,1.78,15.586575358214226
BC,86.0,76.0,0.051,0.085,0.157,2.0,1.81,0.9503517725951383
EC,113.0,130.0,0.097,0.091,0.262,5.0,0.46,13.295425249238722
EP,141.0,127.0,0.012,0.031,0.364,5.0,4.75,4.42945249713086
EP,82.0,70.0,0.033,0.085,0.321,4.0,1.22,13.132875226418985
EP,120.0,119.0,0.047,0.064,0.311,1.0,0.13,13.500051754277415
EP,66.0,53.0,0.069,0.042,0.168,5.0,3.88,0.3582518543649513
EP,114.0,112.0,0.049,0.161,0.239,4.0,1.52,27.42115972348195
EP,103.0,96.0,0.028,0.167,0.312,3.0,0.78,26.244334318924572
EC,77.0,59.0,0.06,0.178,0.262,2.0,1.74,15.5672311932314
EC,57.0,58.0,0.094,0.026,0.12,1.0,0.89,0.6517753615855284
EC,68.0,72.0,0.087,0.193,0.192,4.0,3.59,0.9439878678901046
EP,127.0,139.0,0.061,0.161,0.149,5.0,2.81,33.18788426646893
EP,126.0,144.0,0.086,0.036,0.354,5.0,3.03,25.588480388305207
EC,71.0,58.0,0.06,0.095,0.103,1.0,0.7,12.040031020641557
EC,83.0,91.0,0.054,0.161,0.167,5.0,2.22,0.6553922653778246
EP,88.0,96.0,0.03,0.109,0.132,4.0,3.2,13.56694094865989
EP,130.0,146.0,0.032,0.132,0.32,5.0,1.6,55.51704869398277
EC,102.0,104.0,0.028,0.041,0.231,1.0,0.13,7.126832679216868
EP,105.0,104.0,0.035,0.193,0.389,4.0,1.68,36.58557202101276
EP,52.0,36.0,0.026,0.064,0.282,5.0,2.66,2.59267526752911
EC,75.0,80.0,0.015,0.154,0.251,4.0,0.02,1.4196563671208766
EP,122.0,118.0,0.085,0.12,0.133,2.0,1.43,3.8145040461602306
EP,120.0,137.0,0.077,0.081,0.142,5.0,4.6,17.002354270826956
EC,88.0,95.0,0.066,0.1,0.257,3.0,0.62,6.8212833054790885
EC,127.0,139.0,0.038,0.081,0.325,4.0,0.29,15.035452804924255
EP,143.0,147.0,0.086,0.063,0.369,1.0,0.9,8.672091514943133
EP,131.0,137.0,0.02,0.067,0.166,3.0,0.09,26.7008614958049
EC,68.0,68.0,0.041,0.051,0.4,3.0,1.09,12.976123586924505
EP,102.0,119.0,0.046,0.122,0.169,3.0,1.66,26.127793970201935
EP,86.0,74.0,0.095,0.009,0.172,3.0,0.18,0.7906655611283826
EP,138.0,146.0,0.067,0.055,0.382,2.0,1.54,18.009815357819306
EC,83.0,94.0,0.052,0.084,0.325,5.0,2.28,8.986463990504554
EC,65.0,53.0,0.046,0.017,0.263,3.0,0.43,18.570710775283008
BP,71.0,81.0,0.047,0.176,0.212,3.0,0.36,0.7814937451324446
EP,92.0,83.0,0.033,0.02,0.334,4.0,2.64,8.564029693564414
EP,135.0,119.0,0.094,0.17,0.173,4.0,3.24,3.669840415369663
EC,84.0,66.0,0.022,0.002,0.387,4.0,2.86,24.190889938878477
EP,89.0,109.0,0.09,0.066,0.297,1.0,0.42,20.19634144107407
EC,106.0,114.0,0.09,0.024,0.231,4.0,0.93,21.571841547148516
EC,136.0,143.0,0.03,0.026,0.395,4.0,3.66,9.577784514644762
EP,95.0,101.0,0.084,0.062,0.242,3.0,1.3,11.909197904994947
EC,64.0,50.0,0.097,0.181,0.306,4.0,3.73,12.550109115694248
EP,132.0,113.0,0.093,0.036,0.33,4.0,0.63,10.227477144464409
EP,71.0,72.0,0.024,0.096,0.151,3.0,2.52,4.891504817957063
EC,141.0,130.0,0.04,0.007,0.307,3.0,2.06,24.22163067555141
EC,72.0,89.0,0.07,0.183,0.162,4.0,1.15,0.14595486310955796
EC,130.0,135.0,0.061,0.059,0.262,4.0,2.85,11.733666365490556
EC,139.0,133.0,0.036,0.004,0.342,1.0,0.98,6.714345574509252
EC,88.0,70.0,0.019,0.158,0.355,4.0,0.71,9.085849470711974
EP,104.0,100.0,0.079,0.052,0.227,5.0,3.44,7.064052876780103
EP,105.0,100.0,0.073,0.036,0.236,2.0,1.81,1.9282715003739703
EC,82.0,80.0,0.035,0.063,0.101,1.0,0.42,2.7624662079499487
EC,55.0,52.0,0.064,0.097,0.369,2.0,1.49,6.448372388520351
EP,79.0,97.0,0.038,0.036,0.111,1.0,0.99,17.991581883927253
EP,142.0,125.0,0.09,0.099,0.192,5.0,3.22,6.277751960723705
EP,104.0,94.0,0.088,0.048,0.311,5.0,2.09,9.606571846483977
EC,99.0,91.0,0.097,0.011,0.329,5.0,2.86,29.99526265033314
EP,69.0,75.0,0.065,0.189,0.252,1.0,0.83,7.960243251042563
EP,71.0,71.0,0.095,0.032,0.223,3.0,1.08,4.507009069254632
EC,103.0,101.0,0.029,0.081,0.225,2.0,0.55,7.737904327458672
EC,137.0,154.0,0.053,0.007,0.201,3.0,0.05,19.49239444814431
EP,123.0,121.0,0.079,0.174,0.259,1.0,0.17,14.108659113522798
EP,73.0,70.0,0.077,0.133,0.128,5.0,4.05,3.594571376720957
EC,82.0,67.0,0.056,0.189,0.106,2.0,0.67,3.9258038316345605
EC,66.0,83.0,0.077,0.182,0.205,2.0,0.43,0.4180204966819683
EC,149.0,165.0,0.094,0.174,0.257,5.0,2.69,5.991099456955492
EC,127.0,130.0,0.032,0.023,0.246,5.0,1.67,21.213233506402553
EC,101.0,94.0,0.049,0.183,0.276,4.0,3.84,7.052196889304021
EP,114.0,109.0,0.058,0.073,0.333,1.0,0.48,8.423931422241331
EC,140.0,130.0,0.045,0.041,0.223,2.0,0.58,19.087285791793633
EC,79.0,89.0,0.065,0.06,0.147,3.0,2.11,1.2578033418347019
EP,97.0,92.0,0.094,0.049,0.16,2.0,1.19,2.0906661343527517
EC,76.0,66.0,0.086,0.064,0.202,5.0,0.63,15.954881802759932
EP,87.0,79.0,0.084,0.027,0.383,2.0,0.88,7.254648444719457
EC,108.0,115.0,0.031,0.026,0.154,4.0,1.9,6.838026994808914
BP,68.0,49.0,0.064,0.08,0.119,2.0,0.65,0.010289621458366384
EC,111.0,91.0,0.08,0.105,0.137,4.0,3.8,19.13901148211596
EP,111.0,94.0,0.054,0.175,0.141,5.0,0.19,25.409010230213724
EP,134.0,117.0,0.018,0.118,0.321,1.0,0.92,0.40873073245603564
EC,84.0,77.0,0.02,0.047,0.34,5.0,3.04,15.489297564477297
EC,100.0,84.0,0.054,0.167,0.232,1.0,0.8,13.913863000213155
EC,116.0,106.0,0.018,0.151,0.218,2.0,1.94,9.226105325210668
EC,62.0,73.0,0.064,0.014,0.218,3.0,2.83,0.10389269490332254
EP,114.0,131.0,0.08,0.095,0.263,3.0,1.06,25.252173261067355
EP,93.0,89.0,0.012,0.012,0.359,4.0,2.61,13.112223182471624
EP,94.0,85.0,0.032,0.148,0.156,5.0,1.92,19.162422717788715
EP,137.0,145.0,0.085,0.027,0.181,2.0,0.6,9.592602060888062
EP,67.0,52.0,0.034,0.094,0.295,2.0,1.61,0.5364047398874536
EP,55.0,36.0,0.033,0.037,0.272,4.0,2.96,0.33633004031574787
EC,124.0,110.0,0.066,0.193,0.181,4.0,2.64,5.899147206014753
EC,90.0,82.0,0.057,0.061,0.311,2.0,1.91,8.59837830075277
EC,95.0,85.0,0.066,0.116,0.365,3.0,0.26,15.739891549914226
EC,53.0,42.0,0.093,0.11,0.152,4.0,0.47,7.266857486144364
EC,135.0,131.0,0.012,0.185,0.204,5.0,3.17,2.3583551050201166
EC,116.0,116.0,0.073,0.12,0.316,5.0,3.81,11.448943281226157
EC,71.0,71.0,0.074,0.149,0.287,3.0,2.27,4.754914587323366
EP,100.0,102.0,0.087,0.076,0.196,4.0,2.38,8.873360345206336
EP,132.0,146.0,0.073,0.194,0.353,3.0,0.49,47.8996399831328
BC,68.0,82.0,0.054,0.169,0.177,2.0,1.76,0.007371481511196581
EC,52.0,53.0,0.056,0.0,0.208,1.0,0.4,3.7037136046810986
EC,79.0,75.0,0.015,0.12,0.204,5.0,0.59,2.170542937437993
EC,90.0,71.0,0.095,0.154,0.282,5.0,3.06,14.11402402830381
EP,135.0,145.0,0.036,0.025,0.108,2.0,1.15,10.669647570956627
EP,61.0,60.0,0.016,0.159,0.14,1.0,0.89,1.0860465725346593
EC,150.0,142.0,0.095,0.189,0.21,1.0,0.47,8.590035004220837
EP,150.0,147.0,0.08,0.143,0.25,3.0,0.61,25.858867100574827
EC,128.0,138.0,0.031,0.118,0.347,1.0,0.41,6.941746780631945
EC,72.0,65.0,0.012,0.13,0.335,4.0,0.88,6.789663533294947
EP,131.0,144.0,0.1,0.122,0.334,4.0,1.03,31.187650767625193
EP,147.0,159.0,0.056,0.099,0.162,3.0,1.58,22.748481126871837
EP,82.0,73.0,0.076,0.001,0.359,4.0,2.94,5.137695430210638
EC,126.0,108.0,0.081,0.165,0.376,4.0,0.71,16.37284582982068
EP,131.0,142.0,0.08,0.04,0.298,3.0,1.83,18.521103882126503
EC,117.0,135.0,0.041,0.028,0.145,3.0,2.73,0.11709016579106768
EP,101.0,87.0,0.087,0.117,0.352,5.0,3.59,9.547581466827058
BC,95.0,85.0,0.061,0.022,0.242,3.0,0.41,0.657685960472077
EC,106.0,96.0,0.049,0.041,0.257,4.0,3.25,14.723025936975809
EP,110.0,120.0,0.06,0.186,0.398,5.0,1.62,46.93087714197671
EP,139.0,121.0,0.029,0.013,0.353,4.0,2.01,15.3195205251589
EP,101.0,83.0,0.063,0.064,0.148,2.0,0.83,0.7328991090877022
BP,109.0,95.0,0.063,0.07,0.284,5.0,3.88,0.26131976167267046
EP,101.0,101.0,0.022,0.104,0.282,5.0,4.46,10.402194434057499
EP,87.0,88.0,0.05,0.132,0.341,3.0,1.84,16.158208745383327
EC,66.0,77.0,0.054,0.035,0.164,2.0,0.59,2.0070883405796707
BP,140.0,160.0,0.041,0.157,0.273,2.0,0.83,0.7411920444937123
EP,78.0,72.0,0.06,0.094,0.369,1.0,0.02,8.531725355364546
EP,87.0,99.0,0.018,0.004,0.183,1.0,0.11,13.090384086401485
EC,55.0,69.0,0.085,0.095,0.245,5.0,3.32,2.1261014820854616
EP,104.0,118.0,0.035,0.008,0.392,1.0,0.77,16.51750133470466
EC,132.0,132.0,0.099,0.107,0.152,4.0,3.09,6.517720330960763
EP,52.0,55.0,0.011,0.062,0.242,2.0,0.66,9.401410252008883
EP,147.0,165.0,0.098,0.061,0.215,4.0,1.35,18.64906962607735
EP,91.0,107.0,0.095,0.05,0.203,3.0,1.14,13.250629882572
EC,102.0,106.0,0.04,0.065,0.323,4.0,3.43,7.363344495746141
EP,133.0,132.0,0.044,0.005,0.308,4.0,3.12,12.338656608992387
EC,51.0,49.0,0.065,0.0,0.119,5.0,0.13,15.743699635923889
EP,96.0,98.0,0.081,0.103,0.363,5.0,0.83,23.06022940220954
EC,67.0,50.0,0.082,0.191,0.362,3.0,0.37,9.454498596044747
EP,143.0,140.0,0.096,0.069,0.288,2.0,0.81,12.823192681424104
EC,93.0,100.0,0.077,0.137,0.239,1.0,0.47,2.6694047018960134
EC,136.0,123.0,0.042,0.098,0.2,5.0,3.03,12.03008010765791
EC,118.0,137.0,0.01,0.082,0.293,4.0,2.62,5.601101450514701
EC,144.0,163.0,0.024,0.036,0.389,4.0,2.84,15.701585330354305
EP,133.0,133.0,0.08,0.131,0.209,2.0,1.01,13.239703561396766
EP,150.0,157.0,0.034,0.039,0.212,5.0,0.55,27.783342008356904
BP,76.0,80.0,0.086,0.034,0.226,5.0,0.06,0.16640224531983047
EP,72.0,89.0,0.091,0.059,0.345,3.0,1.97,18.284964841854553
EP,98.0,116.0,0.064,0.157,0.315,5.0,2.9,35.52680129140307
EP,64.0,68.0,0.094,0.007,0.34,4.0,1.37,8.293572796840998
EP,93.0,105.0,0.031,0.15,0.393,4.0,0.17,47.63794384350507
EP,67.0,56.0,0.076,0.155,0.195,1.0,0.02,1.9940101356359392
EP,140.0,152.0,0.044,0.075,0.361,1.0,0.74,18.270429002237336
EC,89.0,93.0,0.093,0.086,0.119,4.0,2.12,3.904355548635415
EC,52.0,58.0,0.036,0.166,0.399,5.0,2.04,3.736247300791044
BP,137.0,138.0,0.075,0.121,0.138,3.0,1.27,0.5716928636443914
EC,76.0,75.0,0.018,0.028,0.135,3.0,0.18,5.870622261881422
EP,124.0,106.0,0.099,0.185,0.155,4.0,1.47,10.523944830533026
EC,130.0,147.0,0.042,0.132,0.196,3.0,2.7,0.5339402657257413
EC,119.0,123.0,0.014,0.078,0.273,2.0,1.75,3.990927271946113
EP,94.0,109.0,0.029,0.167,0.297,5.0,2.94,38.85908560144838
EP,105.0,125.0,0.012,0.05,0.126,4.0,2.82,24.607806677224787
EP,96.0,78.0,0.048,0.189,0.11,1.0,0.8,0.00013378061413320784
EC,61.0,53.0,0.084,0.129,0.372,3.0,2.68,8.884818831292193
EP,90.0,75.0,0.066,0.036,0.339,4.0,1.9,7.070101938518313
EP,105.0,121.0,0.056,0.102,0.2,3.0,1.46,23.943653045779968
EC,122.0,102.0,0.069,0.082,0.124,3.0,1.36,16.88015620576985
EC,56.0,59.0,0.026,0.02,0.208,1.0,0.25,2.849414219675481
EP,80.0,96.0,0.03,0.018,0.303,1.0,0.95,15.934736800455383
EP,91.0,102.0,0.045,0.138,0.249,3.0,1.11,26.616863808976433
EP,107.0,92.0,0.059,0.027,0.203,4.0,0.32,4.740000908863099
EC,72.0,74.0,0.052,0.093,0.207,5.0,0.28,4.6152029265377355
EC,123.0,117.0,0.08,0.109,0.174,1.0,0.39,8.138136246689776
EC,106.0,101.0,0.09,0.135,0.397,5.0,4.46,12.500672107318735
EP,131.0,114.0,0.011,0.031,0.294,1.0,0.21,6.465814044463123
EP,74.0,81.0,0.023,0.176,0.112,2.0,0.88,18.218399552035876
EP,76.0,60.0,0.096,0.108,0.101,4.0,0.88,0.5819916540569663
BP,140.0,155.0,0.083,0.157,0.32,5.0,4.95,0.9210079312762013
EP,101.0,98.0,0.08,0.153,0.232,2.0,1.03,10.017525725084056
EC,74.0,83.0,0.013,0.157,0.365,1.0,0.18,3.3992137706509045
EC,99.0,118.0,0.075,0.148,0.193,4.0,1.79,1.4235264412930846
BC,117.0,104.0,0.094,0.083,0.322,1.0,0.65,0.7435788152984593
EP,149.0,163.0,0.053,0.146,0.271,4.0,2.58,36.416716791086785
BC,114.0,126.0,0.032,0.181,0.169,2.0,1.38,0.08217907874227551
EP,105.0,112.0,0.035,0.025,0.173,5.0,2.51,13.037360659353794
EP,120.0,131.0,0.091,0.1,0.284,5.0,2.64,23.28973447617399
EC,139.0,158.0,0.019,0.169,0.273,5.0,3.79,3.0957187791816168
EC,134.0,133.0,0.081,0.028,0.297,3.0,0.08,33.26147313567251
EP,123.0,132.0,0.036,0.029,0.177,5.0,1.44,17.7885598167046
EC,136.0,118.0,0.056,0.027,0.182,3.0,2.33,21.206188537393743
BC,78.0,59.0,0.057,0.142,0.248,5.0,0.06,0.38340415137207695
EC,98.0,104.0,0.05,0.075,0.313,3.0,2.16,7.504898383442047
EC,136.0,137.0,0.062,0.001,0.351,3.0,0.85,34.58717211209426
EC,95.0,113.0,0.055,0.096,0.21,2.0,1.68,0.29848132224674195
EC,81.0,67.0,0.099,0.028,0.372,2.0,1.4,18.928449544592645
EP,142.0,138.0,0.03,0.012,0.143,2.0,0.8,5.532309182164447
BP,92.0,108.0,0.098,0.097,0.29,3.0,2.39,0.681110070936324
EC,55.0,62.0,0.016,0.014,0.349,2.0,0.71,6.040657690680543
EC,52.0,41.0,0.05,0.195,0.32,4.0,0.2,3.4768363048030464
EC,69.0,63.0,0.054,0.015,0.374,1.0,0.46,11.287456034765043
BC,119.0,119.0,0.07,0.072,0.165,5.0,4.65,0.504102768084767
EC,145.0,144.0,0.038,0.044,0.376,4.0,1.45,30.172334824422492
EP,94.0,114.0,0.1,0.011,0.352,4.0,2.73,19.336121444927457
EP,55.0,37.0,0.092,0.003,0.155,1.0,0.76,1.0900427976531724e-08
EP,120.0,135.0,0.055,0.012,0.233,2.0,0.06,17.511331965652822
EP,71.0,79.0,0.09,0.178,0.129,3.0,0.96,16.639522964832068
EC,123.0,131.0,0.078,0.048,0.12,4.0,2.07,7.183227927031972
EP,86.0,84.0,0.088,0.121,0.102,2.0,1.54,1.9132518060876507
EC,100.0,100.0,0.09,0.099,0.314,4.0,1.36,14.781353814154048
